0,Normans Rare Guitars,449K subscribers
1,guitarbank,26.9K subscribers
2,Normans Rare Guitars,449K subscribers
3,Robert Baker,317K subscribers
4,Darrell Braun Guitar,573K subscribers
5,Music is Win,1.08M subscribers
6,Normans Rare Guitars,449K subscribers
7,Pawn Stars,1.24M subscribers
8,Music is Win,1.08M subscribers
9,SteveTerreberry,2.12M subscribers
10,Normans Rare Guitars,449K subscribers
11,Mary Spender,351K subscribers
12,Learn Everything,1.97K subscribers
13,Radio4You,249K subscribers
14,Guus Music,193K subscribers
15,Aman Panotra,397K subscribers
16,Rob Scallon,2.03M subscribers
17,SteveTerreberry,2.12M subscribers
18,Matthew Scott,73.2K subscribers
19,Guitar Classic,
20,Andrew Foy 앤디,2.46M subscribers
21,Rhett Shull,224K subscribers
22,Guns and Guitars,167K subscribers
23,Loudwire,1.56M subscribers
24,Pawn Stars,1.24M subscribers
25,Sj Vlogs,852K subscribers
26,Paul Davids,1.84M subscribers
27,The Trogly's Guitar Show,143K subscribers
28,Darrell Braun Guitar,573K subscribers
29,Normans Rare Guitars,449K subscribers
30,Davie504,7.63M subscribers
31,Music is Win,1.08M subscribers
32,Worship Tutorials,664K subscribers
33,Emerald City Guitars,27.7K subscribers
34,Paul Davids,1.84M subscribers
35,World of Jazz,51.7K subscribers
36,Fender,712K subscribers
37,David Gilmour,541K subscribers
38,Mark Knopfler Russia,54.5K subscribers
39,Piku Attri,72.4K subscribers
40,Vi Gi,276K subscribers
41,Kfir Ochaion,1.12M subscribers
42,Paul Davids,1.84M subscribers
43,Guitar Bonedo,54.9K subscribers
44,Normans Rare Guitars,449K subscribers
45,Bob Gomez,16.8K subscribers
46,Acoustic Guitar Magazine,85.6K subscribers
47,Phillip McKnight,271K subscribers
48,Nhạc Sống Mạnh Hà,
49,Phillip McKnight,271K subscribers
